{
  "Character": [
	{
	  "id": "char_001",
	  "card_type": "Character",
	  "name": "Human Slave",
	  "description": "A Human slave.",
	  "race": "Human",
	  "image_path": "res://assets/Images/placeholder.png",
	  "faction": "Crimson Banner",
	  "level": 1,
	  "health": 20,
	  "defense": 45,
	  "attack_move": { "type": "Unarmed Strike", "power": 5 },
	  "cooldown": 0,
	  "special_ability": "none",
	  "effect": "none",
	  "rarity": "Common"
	},
	{
	  "id": "char_hobgoblin_001",
	  "card_type": "Character",
	  "name": "Hobgoblin Slave – Crimson Banner",
	  "description": "A Hobgoblin slave.",
	  "race": "Hobgoblin",
	  "image_path": "res://assets/Images/placeholder.png",
	  "faction": "Crimson Banner",
	  "level": 1,
	  "health": 22,
	  "defense": 44,
	  "attack_move": { "type": "Unarmed Strike", "power": 5 },
	  "cooldown": 0,
	  "special_ability": "none",
	  "effect": "none",
	  "rarity": "Common"
	},
	{
	  "id": "char_goblin_001",
	  "card_type": "Character",
	  "name": "Goblin Slave",
	  "description": "A Goblin slave under the rule of Crimson Banner.",
	  "race": "Goblin",
	  "image_path": "res://assets/Images/placeholder.png",
	  "faction": "Crimson Banner",
	  "level": 1,
	  "health": 24,
	  "defense": 43,
	  "attack_move": { "type": "Unarmed Strike", "power": 4 },
	  "cooldown": 0,
	  "special_ability": "none",
	  "effect": "none",
	  "rarity": "Common"
	},
	{
	  "id": "char_wraithkin_001",
	  "card_type": "Character",
	  "name": "Wraithkin Slave",
	  "description": "A Wraithkin slave.",
	  "race": "Wraithkin",
	  "image_path": "res://assets/Images/placeholder.png",
	  "faction": "Crimson Banner",
	  "level": 1,
	  "health": 26,
	  "defense": 42,
	  "attack_move": { "type": "Unarmed Strike", "power": 6 },
	  "cooldown": 0,
	  "special_ability": "none",
	  "effect": "none",
	  "rarity": "Common"
	},
	{
	  "id": "char_runeborn_001",
	  "card_type": "Character",
	  "name": "Runeborn Slave",
	  "description": "A Runeborn slave under the rule of Crimson Banner.",
	  "race": "Runeborn",
	  "image_path": "res://assets/Images/placeholder.png",
	  "faction": "Crimson Banner",
	  "level": 1,
	  "health": 28,
	  "defense": 41,
	  "attack_move": { "type": "Unarmed Strike", "power": 7 },
	  "cooldown": 0,
	  "special_ability": "none",
	  "effect": "none",
	  "rarity": "Common"
	},
	{
	  "id": "char_trollkin_001",
	  "card_type": "Character",
	  "name": "Trollkin Slave – Crimson Banner",
	  "description": "A Trollkin slave under the rule of Crimson Banner.",
	  "race": "Trollkin",
	  "image_path": "res://assets/Images/placeholder.png",
	  "faction": "Crimson Banner",
	  "level": 1,
	  "health": 30,
	  "defense": 40,
	  "attack_move": { "type": "Unarmed Strike", "power": 8 },
	  "cooldown": 0,
	  "special_ability": "none",
	  "effect": "none",
	  "rarity": "Common"
	},
	{
	  "id": "char_wolven_001",
	  "card_type": "Character",
	  "name": "Wolven Slave",
	  "description": "A Wolven slave.",
	  "race": "Wolven",
	  "image_path": "res://assets/Images/placeholder.png",
	  "faction": "Crimson Banner",
	  "level": 1,
	  "health": 32,
	  "defense": 39,
	  "attack_move": { "type": "Unarmed Strike", "power": 5 },
	  "cooldown": 0,
	  "special_ability": "none",
	  "effect": "none",
	  "rarity": "Common"
	}
  ],
  "Class": [
	{
	  "id": "class_001",
	  "card_type": "Class",
	  "name": "Brawler",
	  "image_path": "res://assets/Images/placeholder.png",
	  "description": "Close-range melee expert.",
	  "level": 1,
	  "attack": 10,
	  "defense": 5,
	  "health": 5,
	  "special_ability": "",
	  "effect": "none",
	  "cooldown": 0,
	  "rarity": "Common"
	},
	{
	  "id": "class_002",
	  "card_type": "Class",
	  "name": "Pit Brawler",
	  "image_path": "res://assets/Images/placeholder.png",
	  "description": "An arena bruiser with relentless attack force.",
	  "level": 1,
	  "attack": 11,
	  "defense": 4,
	  "health": 5,
	  "special_ability": "",
	  "effect": "none",
	  "cooldown": 0,
	  "rarity": "Common"
	}
  ],
  "Weapon": [
	{
	  "id": "wpn_001",
	  "card_type": "Weapon",
	  "name": "Worn Shortsword",
	  "level": 1,
	  "attack": 4,
	  "image_path": "res://assets/Images/placeholder.png",
	  "special_ability": "Quick Jab",
	  "attack_move": { "damage": 4, "move_type": "Physical" },
	  "cooldown": 0,
	  "effect": "none",
	  "rarity": "Common"
	}
  ],
  "Armor": [
	{
	  "id": "arm_001",
	  "card_type": "Armor",
	  "name": "Worn Leather Vest",
	  "level": 1,
	  "defense": 3,
	  "image_path": "res://assets/Images/placeholder.png",
	  "special_ability": "Dodge",
	  "armor_effect": { "effect_type": "Evasion", "value": 5, "duration": 1 },
	  "cooldown": 1,
	  "effect": "none",
	  "rarity": "Common"
	}
  ],
  "Field": [
	{
	  "id": "field_005",
	  "card_type": "Field",
	  "name": "Clockwork Wastes",
	  "image_path": "res://assets/Images/placeholder.png",
	  "description": "Machine units gain +1 ATK and +1 DEF; ignore trap effects.",
	  "level": 1,
	  "field_effect": { "type": "buff", "attack": 1, "defense": 1, "immune_to": "Trap" },
	  "duration": 3,
	  "effect": "none",
	  "rarity": "Common"
	}
  ],
  "Trap": [
	{
	  "id": "trap_001",
	  "card_type": "Trap",
	  "name": "Pitfall Trap",
	  "description": "A hidden pit snares the unwary.",
	  "level": 1,
	  "image_path": "res://assets/Images/placeholder.png",
	  "trigger_condition": "OnEnter",
	  "trap_effect": { "type": "damage", "amount": 3, "immobilize": 1 },
	  "effect": "none",
	  "rarity": "Common"
	}
  ],
  "Support": [
	{
	  "id": "sup_001",
	  "card_type": "Support",
	  "name": "Healing Fountain",
	  "description": "A soothing spring revitalizes allies.",
	  "level": 1,
	  "image_path": "res://assets/Images/placeholder.png",
	  "support_benefit": { "type": "healing", "amount": 5 },
	  "duration": 2,
	  "effect": "none",
	  "rarity": "Common"
	},    
	{
	  "id": "sup_001",
	  "card_type": "Support",
	  "name": "Healing Fountain",
	  "description": "A soothing spring revitalizes allies.",
	  "level": 1,
	  "image_path": "res://assets/Images/placeholder.png",
	  "support_benefit": { "type": "healing", "amount": 5 },
	  "duration": 2,
	  "effect": "none",
	  "rarity": "Common"
	},
	{
	  "id": "sup_002",
	  "card_type": "Support",
	  "name": "Healing Fountain",
	  "description": "A soothing spring revitalizes allies.",
	  "level": 1,
	  "image_path": "res://assets/Images/placeholder.png",
	  "support_benefit": { "type": "healing", "amount": 5 },
	  "duration": 2,
	  "effect": "none",
	  "rarity": "Common"
	}
  ]
}
