[
	{
		"card_limit": 50,
		"cards": [
			"char_Human_001",
			"char_wraithkin_001",
			"char_runeborn_001",
			"char_wolven_001",
			"class_001",
			"class_002",
			"arm_001",
			"trap_001",
			"sup_001",
			"sup_002"
		],
		"mode": "casual",
		"name": "Easy Deck 1",
		"rows": 3,
		"difficulty": "easy"
	},
	{
		"card_limit": 50,
		"cards": [
			"char_001",
			"char_wraithkin_001",
			"char_runeborn_001",
			"char_wolven_001",
			"class_001",
			"class_002",
			"arm_001",
			"trap_001",
			"sup_001",
			"sup_002"
		],
		"mode": "casual",
		"name": "Medium Deck 1",
		"rows": 3,
		"difficulty": "medium"
	},
	{
		"card_limit": 50,
		"cards": [
			"char_001",
			"char_wraithkin_001",
			"char_runeborn_001",
			"char_wolven_001",
			"class_001",
			"class_002",
			"arm_001",
			"trap_001",
			"sup_001",
			"sup_002"
		],
		"mode": "casual",
		"name": "Hard Deck 1",
		"rows": 3,

	}
]
