{
  "packs": {
	"starter_pack": {
	  "id": "starter_pack",
	  "name": "Starter Pack",
	  "type": "general",
	  "cards": [
		{ "id": "char_human__001", "count": 2 },
		{ "id": "char_hobgoblin_", "count": 1 },
		{ "id": "char_goblin_", "count": 1 },
		{ "id": "char_wraithkin__001", "count": 1 }
	  ]
	},
	"human_pack": {
	  "id": "human_pack",
	  "name": "Human Faction Pack",
	  "type": "faction",
	  "faction": "Human",
	  "cards": [
		{ "id": "char_human__001", "count": 2 },
		{ "id": "char_hobgoblin__001", "count": 1 },
		{ "id": "char_runeborn__001", "count": 1 }
	  ]
	}
  }
}
